{"cameraMode":{"drawMode":0,"name":"Shaded","section":"Shading Mode"},"sceneLighting":true,"audioPlay":false,"sceneViewState":{"showFog":true,"showMaterialUpdate":true,"showSkybox":true,"showFlares":true,"showImageEffects":true,"showParticleSystems":true},"in2DMode":false,"pivot":{"x":-0.46897757053375246,"y":-3.867579936981201,"z":1.7772018909454346},"rotation":{"x":0.5709996223449707,"y":-0.09914081543684006,"z":0.06971990317106247,"w":0.8119545578956604},"size":17.857280731201173,"orthographic":false}